,screen_name,hotttnesss,id,artist
0,arcadefire,0.959746,ARFC93D1187FB49D2E,Arcade Fire
1,,0.952376,AR0IVTL1187B9AD520,Katy Perry
2,Eminem,0.945441,ARTH9041187FB43E1F,Eminem
3,lordemusic,0.942642,ARUXAKW13D610B0A9B,Lorde
4,Avicii,0.940199,ARWLAEE122BCFCA245,Avicii
5,,0.938571,ARYAVBS1187FB5B46C,Miley Cyrus
6,ladygaga,0.926316,ARX6TAQ11C8A415850,Lady Gaga
7,,0.90703,ARODZUF11F4C841E1F,Drake
8,Imaginedragons,0.905983,ARRVRFP126FE025327,Imagine Dragons
9,LanaDelRey,0.905385,ARICLSK131AAE25F5E,Lana Del Rey
10,,0.900241,ARF8HTQ1187B9AE693,Daft Punk
11,,0.900222,ARKTTJV12592CDA07F,Ellie Goulding
12,robinthicke,0.900195,AROETUE1187FB4A677,Robin Thicke
13,onedirection,0.89952,ARZHFAY130708EE366,One Direction
14,britneyspears,0.898823,AR03BDP1187FB5B324,Britney Spears
15,BrunoMars,0.898684,ARJHCSL123E29C21E8,Bruno Mars
16,OneRepublic,0.895344,AR73S4G1187B9A03C2,OneRepublic
17,jtimberlake,0.894973,ARWK5QH1187B9A9B7F,Justin Timberlake
18,ArcticMonkeys,0.893465,ARM0P6Z1187FB4D466,Arctic Monkeys
19,rihanna,0.892717,ARKU3Z61187FB51DCA,Rihanna
20,jasonderulo,0.891253,ARICFET123E29C2452,Jason Derülo
21,CalvinHarris,0.885646,ARJRB241187FB556A3,Calvin Harris
22,,0.884397,ARZEHLK12DDD1882BF,Macklemore & Ryan Lewis
23,MartinGarrix,0.882746,ARAGGUA136E57105F8,Martin Garrix
24,passengermusic,0.882349,ARMTZR11187B9AD0C2,Passenger
25,,0.882334,ARFVYJI1187B9B8E13,Pearl Jam
26,justinbieber,0.881963,ARFCWSZ123526A0AFD,Justin Bieber
27,capitalcities,0.881834,ARGBGCB12CF58F79BE,Capital Cities
28,JohnNewmanMusic,0.880855,ARNWGMK1241B9C9CE2,John Newman
29,,0.87881,ARLGNCZ1269FCD4F62,Stromae
30,DirtyLilBlunt,0.876449,ARS57XV1187B9B8535,James Blunt
31,Pitbull,0.875944,ARK9BHE1187FB3AC9D,Pitbull
32,Pink,0.874734,ARZRYXF1187FB555CC,P!nk
33,,0.873246,ARS54I31187FB46721,Taylor Swift
34,BASTILLEdan,0.868897,ARZT6MQ1187FB56487,Bastille
35,AvrilLavigne,0.867785,ARY53RR1187B9AE485,Avril Lavigne
36,davidguetta,0.866272,ARH2QI91187FB3788D,David Guetta
37,,0.865826,ARUHTMR1269FCD5A27,Ylvis
38,JamesArthur23,0.865246,ARNJPHY12FE0869042,James Arthur
39,selenagomez,0.864422,ARZ5NER11A348F0B33,Selena Gomez
40,iconapop,0.861703,ARMXUUI12E9676D850,Icona Pop
41,NaughtyBoyMusic,0.858578,ARDWQVL1187FB3771D,Naughty Boy
42,OfficialAdele,0.857546,AR7J9AP1187FB5BD64,Adele
43,PaulMcCartney,0.856852,AR9ZLJJ1187FB5BC16,Paul McCartney
44,Zedd,0.855864,ARTQFNZ12E2A671BBF,Zedd
45,OfficialBirdy,0.852087,ARRJRIS1187B9AD39C,Birdy
46,HAIMtheband,0.850693,ARY6OP91187B9A55FE,Haim
47,linkinpark,0.84884,ARQUMH41187B9AF699,Linkin Park
48,LouReed,0.847814,ARO5T1P1187B9AC680,Lou Reed
49,maroon5,0.847207,ARF5M7Q1187FB501E8,Maroon 5
50,,0.845744,ARDCFNZ1187FB3DDB0,Enrique Iglesias
51,arminvanbuuren,0.845704,AR0W7561187FB57131,Armin van Buuren
52,MarcAnthony,0.8448,ARXM0CX1187B98FD56,Marc Anthony
53,,0.84425,AR65K7A1187FB4DAA4,Beyoncé
54,,0.843753,ARD4ZPF11A348F0ACB,SHINee
55,ddlovato,0.843741,ARUCF6P11A348F0B17,Demi Lovato
56,coldplay,0.842819,ARJ7KF01187B98D717,Coldplay
57,paramore,0.841467,AR4OU721187FB4549D,Paramore
58,ollyofficial,0.84138,ARGLFXO12592CDB6B4,Olly Murs
59,awolnation,0.840083,ARJVYUI12AA0D8C20C,AWOLNATION
60,official_flo,0.839649,AR1IJ1Z11C8A41500D,Flo Rida
61,,0.83955,ARNNM56119B86686EA,Luke Bryan
62,KingsOfLeon,0.839169,ARF2EHS1187B994F4E,Kings of Leon
63,IBGDRGN,0.838516,ARSLNAC123E29C256C,G-Dragon
64,thelumineers,0.836348,ARDWDTB12CAE3A9816,The Lumineers
65,chrisbrown,0.835919,ARXOTQH1187FB57084,Chris Brown
66,,0.835641,ARASIMV1257509D792,Prince Royce
67,iamwill,0.834285,ARCLAF01187FB39AA6,will.i.am
68,CHVRCHES,0.833085,ARCZOJQ13A5B8886AB,CHVRCHES
69,Metallica,0.832087,ART5MUE1187B98C961,Metallica
70,,0.829434,ARGIDFN11E2835C91A,IU
71,,0.82928,ARDDMYP1187B9B8AE4,M.I.A.
72,JessieJ,0.828534,ARWWTYW11F4C842642,Jessie J
73,duttypaul,0.828472,ARGQL2Q1187B9B0149,Sean Paul
74,falloutboy,0.828321,ARSG7NQ1187FB57482,Fall Out Boy
75,PanicAtTheDisco,0.827717,ARL6FF81187FB5A916,Panic! At the Disco
76,johnlegend,0.827702,ARHDI7O1187B9B6850,John Legend
77,S_C_,0.827281,ARLGIX31187B9AE9A0,Jay-Z
78,cher,0.826867,AR4VT3E1187FB570BB,Cher
79,RomeoSantosPage,0.824883,AREUJEI12FE0876ED5,Romeo Santos
80,thewanted,0.82462,AR34CBO1187FB41B88,The Wanted
81,ArianaGrande,0.824537,AROHQCR13244CF7152,Ariana Grande
82,FLAGALine,0.824472,ARIUOBQ12BE4890CD5,Florida Georgia Line
83,daddy_yankee,0.824196,ARBNXYA1187FB51C50,Daddy Yankee
84,kendricklamar,0.82397,AREJQVO12C1DF51FFE,Kendrick Lamar
85,,0.822512,ARMBTFC1187FB56343,Korn
86,depechemode,0.82226,AR6LZB61187B9AF431,Depeche Mode
87,,0.821853,ARVQ9FE1187FB419A9,Showtek
88,,0.82182,ARNDRBI122BCFCC2E3,The XX
89,thenbhd,0.821299,ARRFDAA12472CE3191,The Neighbourhood
90,,0.820979,ARL4TII1187B9B46E1,Queen
91,macklemore,0.820942,AR2XDHU1187B9B484F,Macklemore
92,laorejadevgogh,0.820514,ARBHW3X1187B999013,La Oreja de Van Gogh
93,blakeshelton,0.819392,ARV9LSS1187B98C471,Blake Shelton
94,chaseandstatus,0.819305,AR62SOJ1187FB47BB5,Chase & Status
95,thekillers,0.81833,ARVG4OK1187B9B6BD3,The Killers
96,RudimentalUk,0.818212,ARPXEKG121318C5A25,Rudimental
97,,0.817413,ARLKQ581187FB5B4DE,Casper
98,,0.817412,ARPVJVZ12FE085D726,2 Chainz
99,michaeljackson,0.817399,ARXPPEY1187FB51DF4,Michael Jackson
100,Fergie,0.817206,ARMRCET1187FB52049,Fergie
101,,0.816751,ARNBGK01187B98EF43,Exo
102,,0.816723,ARNKHIF13D3E92728E,London Grammar
103,,0.81667,ARFWL8S1187B9B4B44,Céline Dion
104,IGGYAZALEA,0.816537,ARBJMMW136E570FA06,Iggy Azalea
105,LittleMixOffic,0.815626,ARONVKP134198E55ED,Little Mix
106,,0.815512,ARLVBQP139FF6C6B26,Klangkarussell
107,,0.815262,AR6892W1187B9AC71B,Placebo
108,,0.814985,ARZENOX1187B98A645,John Mayer
109,,0.814186,ARDPL611187FB3D4F7,Perfume
110,kelly_clarkson,0.813799,ARJGIOD1187B9AE920,Kelly Clarkson
111,,0.813238,ARY5UO61187FB5271F,Elisa
112,,0.812619,ARNUUVP1187FB3D618,AKB48
113,KeithUrban,0.812517,AR95IYB1187FB3FE0B,Keith Urban
114,JColeNC,0.812512,ARFIDHF12496DAB7E1,J. Cole
115,,0.81232,ARRDJXT12472CE3481,Alligatoah
116,pabloalboran,0.811179,AROOLMX12AF7DA3659,Pablo Alboran
117,,0.811141,ARH3S5S1187FB4F76B,Nirvana
118,aliciakeys,0.81113,AR52EZT1187B9900BF,Alicia Keys
119,,0.810758,ARWR05M1187B9951A2,AC/DC
120,thebeatles,0.810456,AR6XZ861187FB4CECD,The Beatles
121,the1975,0.810444,AROJAOG1391FF1AFE1,The 1975
122,majorlazer,0.809809,ARLGOUD12298900ACE,Major Lazer
123,,0.808679,ARVKMMF133F5CF74A6,A$AP Rocky
124,ConorMaynard,0.808266,ARDJJYW13385834F77,Conor Maynard
125,,0.807148,ARJJHLM120AB95EB8C,EXILE
126,BigSean,0.806991,ARGG7S81187FB511E9,Big Sean
127,,0.806454,ARFRFJX13DFF684D25,Klingande
128,NICKIMINAJ,0.806101,ARDYVEQ122BCFCC19E,Nicki Minaj
129,jason_mraz,0.806046,ARML3X41187FB35F2E,Jason Mraz
130,,0.805916,ARP6DKX1187FB55C12,Future
131,,0.805671,ARM6Y7F1187B9A3E2F,Giorgia
132,MumfordAndSons,0.805063,ARJERLY11E2835D7DC,Mumford and Sons
133,,0.804671,ARC9CR51187FB51A13,Avenged Sevenfold
134,_MaluOficial_,0.804619,AR0R2CT1187FB4E64E,Malú
135,swedishousemfia,0.804454,ARIKUPL128ABE0F30B,Swedish House Mafia
136,alexoficial,0.804034,ARUXOWB1187FB3F562,Alejandro Fernández
137,tompeterodell,0.803936,ARZXLZX13ADD34AAD1,Tom Odell
138,Jason_Aldean,0.803855,ARH6BN71187B990C51,Jason Aldean
139,,0.80383,AROIOQH13CDB8274B6,Anitta
140,,0.803797,ARZHOMO13A1DC8A72B,Bakermat
141,gunsnroses,0.803601,ARM7EDF1187B9B3FA1,Guns N' Roses
142,TinieTempah,0.802608,ARHTUZB11F50C4C14C,Tinie Tempah
143,Skrillex,0.802574,ARUAMGA123E29C15AD,Skrillex
144,_danielmartin_,0.802262,ARS6VTP1187B9A321A,Dani Martín
145,,0.802211,ARHMGTX1241B9C4D5C,Glee Cast
146,,0.802143,ARTUD3U1187FB41695,Sunrise Avenue
147,fleetwoodmac,0.802116,AR6BJ1V1187B9AE3B7,Fleetwood Mac
148,Franz_Ferdinand,0.802096,ARYVO9V1187B9B1FC6,Franz Ferdinand
149,,0.800871,ARNUTPQ1391FF1B89C,Maitre Gim's
150,,0.800621,ARPCATO12B3B3540E2,Disclosure
151,radiohead,0.800365,ARH6W4X1187B99274F,Radiohead
152,SaraBareilles,0.800336,ARQ32IT1187FB589D3,Sara Bareilles
153,jackjohnson,0.799776,ARC8CQZ1187B98DECA,Jack Johnson
154,ChiliPeppers,0.799769,ARE8GLF1187FB52532,Red Hot Chili Peppers
155,thescript,0.799746,ARKMQ0K11C8A4224DF,The Script
156,xtina,0.79962,AR0S7TA1187FB4D024,Christina Aguilera
157,emelisande,0.799588,ARFRZTV125FEF32925,Emeli Sande
158,monstersandmen,0.799277,ARJLJNQ131B421B438,Of Monsters and Men
159,LilTunechi,0.79915,ARUDYKB11F4C83C269,Lil Wayne
160,TDCinemaClub,0.79897,ARTZBIR11E2835CB43,Two Door Cinema Club
161,ThomasRhett,0.798851,ARNPFHG13544FB4F3E,Thomas Rhett
162,TheSaturdays,0.798306,ARBCQ0V11C8A416015,The Saturdays
163,,0.797581,ARLUF1T1187FB3603B,Ricardo Arjona
164,michaelbuble,0.7975,ARN0YZ71187B9BA57B,Michael Bublé
165,,0.797346,ARJMGRN13F3ABCE000,Fifth Harmony
166,,0.797297,ARR3ONV1187B9A2F59,Muse
167,pinkfloyd,0.797144,ARD4C1I1187FB4B0C3,Pink Floyd
168,,0.796277,AR7ASIS11C8A416335,소녀시대
169,,0.796021,ARJA1841187FB3A029,David Bowie
170,shreyaghoshal,0.795924,ARFOKIY11F50C4C27E,Shreya Ghoshal
171,OfficialJackson,0.795603,AROWH4C1187B9B11CB,Alan Jackson
172,DizzeeRascal,0.795153,AROR26J1187B9AF4FB,Dizzee Rascal
173,,0.795049,ARMDNNP13D610B088F,Milky Chance
174,JLo,0.794777,AR7C6G11187B9B4C1E,Jennifer Lopez
175,,0.794651,ARCBD0U1187FB466EF,Nelly
176,carlyraejepsen,0.794115,ARRWGYU12086C17800,Carly Rae Jepsen
177,,0.793723,ARNWXZO123E29C26B1,F.T. Island
178,,0.79368,ARBEOHF1187B9B044D,Madonna
179,psy_oppa,0.793622,ARC0TEH1187B9AA1A7,Psy
180,EmpireOfTheSun,0.793415,ARD063K11C8A422ED7,Empire of the Sun
181,,0.793098,ARDLXKN122ECCB85EC,ALTJ
182,,0.792871,ARDMNGB136F6F0C30A,LIGABUE
183,GavinDeGraw,0.792726,ARFONB81187B994D01,Gavin DeGraw
184,ricky_martin,0.792444,AR2FSX31187B98E3EF,Ricky Martin
185,LMFAO,0.792432,ARVKJGO12086C15075,LMFAO
186,thelittleidiot,0.791905,ARPT0RR1187FB527E1,Moby
187,RizzleKicks,0.791897,ARRPSVR12F310EFDBD,Rizzle Kicks
188,,0.791634,ARK6BYV1187B9A4487,Juicy J
189,,0.790831,AR8QWS71187B9A7BD5,Mika
190,JakeBugg,0.790709,ARLLAHI12FE55ACBDE,Jake Bugg
191,zoetheband,0.790634,ARCC8ZY1187FB36D19,Zoé
192,OfficialSting,0.790612,ARUN2OO1187B9A7BF3,Sting
193,,0.79033,ARVIPXX122BCFC9CF5,西野カナ
194,RollingStones,0.790212,ARFCUN31187B9AD578,The Rolling Stones
195,eltonjohndotcom,0.790085,ARTB3OO1187FB49BDA,Elton John
196,ledzeppelin,0.788932,ARDIBRT1187B9AF176,Led Zeppelin
197,,0.78881,ARG8E041187B98B941,Chris Young
198,,0.788466,ARRH63Y1187FB47783,Kanye West
199,joshuawoodard,0.788376,AROBSHL1187B9AFB01,A Day to Remember
200,,0.787506,ARBFQ7L1187B9ACD48,The Velvet Underground
201,ladyantebellum,0.786813,ARFJXKQ119B86694AF,Lady Antebellum
202,GreenDay,0.786454,ARV3CRH1187B9A1B21,Green Day
203,inna_ro,0.786131,AROPZVY11E2835D3D3,Inna
204,mangeshkarlata,0.785858,ARBVKHX1187FB42704,Lata Mangeshkar
205,TheTimMcGraw,0.785631,ARDR3K91187B9B04EB,Tim McGraw
206,djhavanabrown,0.785552,ARPEOOJ130708ED2BC,Havana Brown
207,WilkinsonUK,0.785349,ARONACB122988F448B,Wilkinson
208,nineinchnails,0.785348,ARK9TRQ1187B99C095,Nine Inch Nails
209,,0.785291,ARNTT821187FB563F3,安室奈美恵
210,,0.785263,ARHFFED1358777FB08,Block B
211,LykkeLi,0.785162,ARGHEC01187FB597B0,Lykke Li
212,,0.784919,ARW9KDZ1187B9A9623,Janelle Monáe
213,,0.784811,ARMOEGR13BDAE33C17,Sage The Gemini
214,,0.784381,ARIGDMX1269FCD4CFB,Cro
215,AlejandroSanz,0.784345,ARQATCR1187FB4D3E6,Alejandro Sanz
216,Zendaya,0.784342,ARSVURZ130708ED83A,Zendaya
217,steveaoki,0.784279,ARG420G1187FB5B636,Steve Aoki
218,agnesobel,0.784252,ARVNJUA12A100438FC,Agnes Obel
219,christinaperri,0.784045,ARFDKIH129F1DDFB09,Christina Perri
220,wizkhalifa,0.783989,ARN0GFV1187FB508CC,Wiz Khalifa
221,whoisMGMT,0.783861,ARI3Y821187FB3649C,MGMT
222,,0.783579,ARLAUED1187B9ACEAF,Eric Clapton
223,,0.783576,AROLBIR1187B9B37B7,Melendi
224,Alesso,0.783272,ARFBFYB12C60E4E610,Alesso
225,jessicamauboy,0.782921,ARADJIW11E2835CD24,Jessica Mauboy
226,theblackkeys,0.782857,ARS8GNX1187B9B5141,The Black Keys
227,,0.782719,ARNCHOP121318C56B8,Florence + The Machine
228,,0.782653,ARZEARV12EFE49A3AA,Woodkid
229,subfocus,0.782497,ARZRR0M1187FB3EE0A,Sub Focus
230,,0.782383,AROV8WG1187B9B2262,Mohit Chauhan
231,LawsonOfficial,0.782288,ARR5SUM1187B9B0EB6,Lawson
232,shakira,0.782161,AR6PJ8R1187FB5AD70,Shakira
233,teganandsara,0.782124,ARAI3JW1187FB52DE1,Tegan and Sara
234,m83news,0.781845,ARB6OGR1187FB4D43D,M83
235,30SECONDSTOMARS,0.78171,ARRBF3M1187FB4D59F,30 Seconds to Mars
236,CageTheElephant,0.781303,AR12DMP11C8A41577B,Cage the Elephant
237,evanescence,0.781187,ARVXU2X1187B9AE6D8,Evanescence
238,theweeknd,0.781082,ARYUDWF12F2B89BB33,The Weeknd
239,BANDARECODITOSS,0.781042,ARSEQID1257509B3F8,Banda Los Recoditos
240,krewellayasmine,0.781006,AROAMZN136AE412B2D,Krewella
241,thebosshoss,0.780675,AR3YFNN1187FB45BA8,The BossHoss
242,,0.780283,ARRPJH611C8A415E6E,K.will
243,,0.780124,ARDVZTE1187FB5A0A1,Bon Jovi
244,,0.780058,ARZBOES1187FB40178,Carlos Baute
245,pamyurin,0.779836,ARWFTNN135592016AB,きゃりーぱみゅぱみゅ
246,scandal_band,0.779019,ARIE45X1187FB475B1,Scandal
247,,0.778971,AROBEGP12406A89D26,f(x)
248,luansantana,0.77892,ARBDJZA129CDD17965,Luan Santana
249,CassadeePope,0.778848,ARHVHLA128ABE0F252,Cassadee Pope
250,,0.778812,ARQWODP13833B911EA,Alex Hepburn
251,dimitrivegas,0.778785,ARPMQIO1241B9C506A,Dimitri Vegas
252,follow_2PM,0.778332,ARWFL7N1187B9B9DA6,2PM
253,davidbisbal,0.778255,ARZJYD61187B995F0B,David Bisbal
254,JuanMaganMusic,0.777596,AR912GD1187B9B9B0F,Juan Magan
255,wearephoenix,0.777539,ARYJSHW1187FB407A3,Phoenix
256,vampireweekend,0.777485,AR2ZPMX1187FB4E4B6,Vampire Weekend
257,Phillips,0.777288,ARYHUGE137E73EDDC3,Phillip Phillips
258,SunidhiChauhan5,0.776882,ARQBTLK1187FB4058D,Sunidhi Chauhan
259,,0.776613,AR2E3LI1187FB38797,DJ Antoine
260,,0.776408,ARTASUV1187B9A2B67,Frank Sinatra
261,,0.776236,ARRYUAC126FC9C0EF2,Tan Bionica
262,bobmarley,0.776214,ARAZCWP129462A97F1,Bob Marley
263,,0.776169,ARLQFWU12AA0D9194B,Banda Sinaloense MS de Sergio Lizárraga
264,,0.776152,AR5FP401187FB523C9,Bob Dylan
265,tylerfarr,0.776127,ARQDJCJ12B3B352387,Tyler Farr
266,,0.776045,ARLF2G11187FB4E744,Los bunkers
267,,0.775933,ARGUYNJ11C8A41506B,Tyga
268,Kodaline,0.775659,ARNYDEE138BF7CCD76,Kodaline
269,edsheeran,0.775611,ARSDWSZ122ECCB706A,Ed Sheeran
270,VitaaOfficiel,0.775543,AR4IGQS1187FB4E11B,Vitaa
271,Nickelback,0.775506,ARPAAHK1187B9ABB00,Nickelback
272,Kid_Ink,0.775344,ARFJXBN12F0DAC3E88,Kid Ink
273,FamilyoftheYear,0.77484,AROOWYT12472CE2A92,Family of the Year
274,SnoopDogg,0.774494,ARZ5H0P1187B98A1DD,Snoop Dogg
275,oasis,0.774308,ARBUOOR1187B997391,Oasis
276,tiesto,0.774059,ARIW30O1187FB5A29A,Tiësto
277,aloeblacc,0.773997,ARKS0051187FB43934,Aloe Blacc
278,vascorossi,0.773796,ARM2HZ11187B990231,Vasco Rossi
279,,0.773791,ARAEJEW12F9C54D2E5,B1A4
280,foofighters,0.773752,AR6XPWV1187B9ADAEB,Foo Fighters
281,ciara,0.77346,ARS2P621187FB37B82,Ciara
282,Babasonicos_,0.773402,ARZF3GM1187B9B952F,Babasónicos
283,,0.773337,ARGKMRT12AF7D8F9F2,Sistar
284,Gusttavo_lima,0.773098,ARIUBQI12FE55ACCF1,Gusttavo Lima
285,,0.772998,ARSJUTZ1187B9B4DFC,O Rappa
286,,0.772956,ARSB75R1187B98FB22,Laura Pausini
287,karminmusic,0.77282,ARLLZVV12B68CA0491,Karmin
288,,0.772582,ARC8U4E1187FB5BFA9,Bring Me the Horizon
289,CPM22,0.772319,ARTJFCN1187B9987CB,CPM 22
290,,0.772295,ARH861H1187B9B799E,Johnny Cash
291,Ayaka_1218,0.772059,ARUR0AL1187B9A72C5,絢香
292,,0.771933,ARX6MR511C8A42C159,Afrojack
293,,0.771868,ARATWKK1271F576926,Marco Mengoni
294,,0.771858,ARWTHDN12592CDB904,T-ara
295,AFI,0.771745,AR2FAMK1187FB4CF60,AFI
296,HunterHayes,0.771574,ARDUQLE1187FB4FB7B,Hunter Hayes
297,TriviumOfficial,0.771485,ARJBWQI1187B9B17D1,Trivium
298,TamarBraxtonHer,0.771312,AR9WTG51187FB5C7C5,Tamar Braxton
299,RamazzottiEros,0.771296,ARIGWNC1187FB57B6B,Eros Ramazzotti
300,djkhaled,0.771278,ARPVZTA1187B9A63A8,DJ Khaled
301,JoeNichols,0.770967,ARCLPC51187FB52F2D,Joe Nichols
302,,0.770875,ARKX8XA1187B9B0F76,Gloria Trevi
303,DVBBS,0.770844,ARUXSAC136E570E79A,Dvbbs
304,fettesbrot,0.770724,AR7CE7R1187FB43103,Fettes Brot
305,,0.770696,ARPDVPJ1187B9ADBE9,Usher
306,systemofadown,0.770293,AR9C8IE1187B9ACC99,System of a Down
307,,0.770088,ARO6WM51187B9AC0B1,Cheek
308,flumemusic,0.769729,ARRRSNG1242077E912,Flume
309,keaneofficial,0.76965,ARHHUDL1187B997966,Keane
310,,0.769453,ARIH7181187FB4F5A8,Juju
311,theavettbros,0.769437,AR0QQGK1187FB4D5CB,The Avett Brothers
312,,0.769434,ARMJUDK1229890080B,Alessandra Amoroso
313,carlosvives,0.769207,ARLAWDD1187FB48367,Carlos Vives
314,,0.769044,AR5D7JS1187B98C01A,Charlie Brown Jr.
315,billycurrington,0.768922,AR4DW2Q1187FB44DB6,Billy Currington
316,fosterthepeople,0.768617,ARQEQMV129CDD179D8,Foster the People
317,,0.768503,AR3ETJY1187B98ED15,Darius Rucker
318,MiguelUnlimited,0.768094,ARO7NLC1187B99415E,Miguel
319,,0.767805,ARPXBWB119B8668886,Sonu Nigam
320,,0.767774,AR8WV031187FB3F903,Basshunter
321,skyferreira,0.767619,ARNAYWN128FFBAD713,Sky Ferreira
322,,0.767608,ARCOKBX122E6447DFC,2NE1
323,,0.767527,ARXGKXE13CABFC507C,Vance Joy
324,DONOMAR,0.767318,ARGV26H1187FB4BAF4,Don Omar
325,djfreshdnb,0.76723,ARVLQBQ1187FB40FB4,DJ Fresh
326,frank_ocean,0.766377,ARSBBFH12E9B917E81,Frank Ocean
327,,0.766126,AREKHZL1187FB45E77,the GazettE
328,,0.766103,AR478R21187FB42BC4,Zac Brown Band
329,leebrice,0.765925,ARSOSSS11C8A415813,Lee Brice
330,MariahCarey,0.765634,ARKSZW81187B9B695D,Mariah Carey
331,ReikMx,0.765304,AR81DGA1187B9A0A43,Reik
332,myMotorhead,0.765201,AR212SC1187FB4A4F9,Motörhead
333,,0.764754,ARJATFR130708ED2D0,Imany
334,EmoireOff,0.764528,ARRHA5G1187B9AA213,Emmanuel Moire
335,youmeatsix,0.764453,ARL7J7C11C8A41747C,You Me At Six
336,,0.764188,AR60TJ61187FB426CC,Veronica Maggio
337,,0.764015,ARFF8GC1187FB3AE11,Sportfreunde Stiller
338,kaskade,0.76384,ARWYPNT1187B98E873,Kaskade
339,,0.763532,ARJGVDT14174CCE923,프라이머리
340,cutcopy,0.763511,ARWD3OC1187FB3A666,Cut Copy
341,,0.763479,ARTXQGD11EDCAC6814,Cristian Castro
342,HARDWELL,0.763354,ARTARKC1241B9C4789,Hardwell
343,itsaadee,0.763296,ARJIFDG1187FB462F1,Atif Aslam
344,headandtheheart,0.763078,ARYDQNM12ACA291480,The Head and the Heart
345,,0.763028,AR81TQX1187FB51CA6,斉藤和義
346,dreamtheaternet,0.763021,ARFYKUO1187B98D941,Dream Theater
347,googoodolls,0.762983,AR07SOR1187FB46179,Goo Goo Dolls
348,,0.762828,ARF2VXV1187B98E54B,Julien Doré
349,keshasuxx,0.762521,ARORMBJ1241B9CDB1A,Ke$ha
350,,0.762396,ARFCNDU1269FCCEAE0,Rasmus Seebach
351,willienelson,0.762332,ARMM6WZ1187FB4958D,Willie Nelson
352,,0.762286,ARL6PNS1187B98FBB6,Pesado
353,,0.762285,ARWXSPO1241B9C6B1C,Pharrell
354,,0.762198,ARDXTUJ129CDBF0574,Voz De Mando
355,TobyKeithMusic,0.76163,ARHATLI1187FB52C76,Toby Keith
356,,0.761462,ARB5ODF1187B98C204,Jovanotti
357,,0.76104,ARIIRR5119B3402F14,Vamps
358,,0.760948,ARPAUWX12BEF24F888,Calibre 50
359,msmrsounds,0.760627,ARKZISD136658E6917,Ms Mr
360,amywinehouse,0.760555,ARWD25M1187FB4C563,Amy Winehouse
361,,0.760393,ARNSBHF125094147EC,India Martinez
362,BookaShade,0.760102,ARAPRD01187FB52527,Booka Shade
363,,0.759943,ARL3S3N1187B9AABEE,Modà
364,,0.75985,AR1VW3D1187B9B8BE5,Claudio Baglioni
365,bocelliandrea,0.759782,ARV481W1187FB38CD9,Andrea Bocelli
366,arrahman,0.759491,AR5PRZX1187FB3D02F,A.R. Rahman
367,,0.759409,ARTWJJP1187B98F662,Xavier Naidoo
368,,0.759161,ARFN1YT1187FB42ABB,Tal
369,EliYoungBand,0.759131,ARNRA801187FB5587A,Eli Young Band
370,foalsfoalsfoals,0.758731,ARVXV1J1187FB5BF88,Foals
371,train,0.758638,ARICCZI1187B9AEBB3,Train
372,joycejonathan,0.758248,AREFZGQ1269FCD676E,Joyce Jonathan
373,,0.758234,ARXYXJ311A348EFC1A,Wale
374,gerardoortiznet,0.758131,ARIEZXA129CDBF07D0,Gerardo Ortiz
375,bobatl,0.758025,ARKQQZA12086C116FC,B.o.B
376,gorillazband,0.757799,ARAXU5Z1187B98FECD,Gorillaz
377,,0.757716,ARUJHA21187FB57316,Jupiter Jones
378,kmichelle,0.757628,ARJPEHZ1242078346C,K. Michelle
379,thalia,0.757595,AR6VHEC1187FB5AC0D,Thalia
380,,0.757563,ARPN0Y61187B9ABAA0,The Smiths
381,,0.757488,ARL72431187FB44FDC,Christophe Maé
382,,0.757348,ARLEBRU13A4B40015D,Serebro
383,micheltelo,0.757261,ARWERSW129CDD1796E,Michel Teló
384,backstreetboys,0.757223,AR3JMC51187B9AE49D,Backstreet Boys
385,,0.757157,ARLUFQE1269FCD930B,Abraham Mateo
386,,0.757136,ARVNAUL128ABE0FB17,나비
387,,0.756893,AR7A8T01187FB53BE3,東方神起
388,GROUPLOVE,0.756755,ARLJFSL12D7AF58D83,Grouplove
389,,0.756737,ARXOORU12E2F373ACB,Río Roma
390,alterbridge,0.756586,AR76WQI1187B9A2525,Alter Bridge
391,,0.756316,AREQAVK14117D73521,Mike Will Made-It
392,,0.756258,ARSZ6MA1187FB43D29,The Notorious B.I.G.
393,XDannyXBrownX,0.756213,AREK29T11C8A41514D,Danny Brown
394,Tbambino,0.755841,ARPK4HR1187B9A289D,Tito El Bambino
395,jesseyjoy,0.755811,ARMHAS71187FB5AFE9,Jesse & Joy
396,motelmx,0.755632,AREKQRN1187FB40784,Motel
397,,0.755628,ARMMKMP1187B989AAC,Kavinsky
398,,0.755515,AR8QX4Z1187B98CB75,Carcass
399,AfuckingA,0.755371,ARHESZF12420782B03,Asking Alexandria
400,,0.755265,ARVEBJ21187FB3B4FE,AAA
401,,0.755245,ARMVSKH130DCC6F6D7,J Balvin
402,,0.755209,AR8V1WA1187B9AD9E9,The White Stripes
403,,0.755121,ARULLWS11E2835E4D3,Paula Fernandes
404,lspraggan,0.755109,ARMVERU13997899FFA,Lucy Spraggan
405,,0.754933,AR16MYF1187FB562C3,Die Toten Hosen
406,,0.754773,ARPXABO1187FB4D15F,2Pac
407,,0.754711,ARKLUGF1187FB4050F,Shankar Mahadevan
408,,0.754692,AR35ZOY1187B98C79D,The Fratellis
409,,0.754466,ARYZEVL138F8A0B4FC,Bunbury
410,martinsolveig,0.754421,ARAJHQQ1187B98B369,Martin Solveig
411,,0.754257,ARTLGLP11E2835F08C,Jorge & Mateus
412,OfficialSabbath,0.754211,ARWZ9W91187B9B2B29,Black Sabbath
413,tameimpala,0.753959,ARGWWVA11E2835DEF5,Tame Impala
414,boniver,0.75365,ARKDTAM1187FB54026,Bon Iver
415,,0.753465,ARD2VKC1187FB57F38,Jenni Vartiainen
416,eduardocosta,0.753356,ARINJO41187FB423A4,Eduardo Costa
417,AlexAllTimeLow,0.752875,ARJV0U41187B9AB715,All Time Low
418,,0.752715,ARKXPUR12D5CD729E0,Fauve
419,ashabhosle,0.752429,ARITVXN1187FB40521,Asha Bhosle
420,,0.752333,ARDBMB01187B9B240C,Texas
421,petshopboys,0.752083,ARA60941187B9AD4A3,Pet Shop Boys
422,OurNameIsFun,0.752081,AROWERF122BCFCB95B,fun.
423,,0.752056,ARXLNFB1278B7CC747,flumpool
424,,0.751784,ARHOHRN12D5CD7C67A,Jasmine Thompson
425,rkelly,0.751736,ARLMXEA1187B9A7D04,R. Kelly
426,The_National,0.751724,ARUUSTM1187B98DB36,The National
427,,0.751669,ARAOQA91187FB594E8,LUNA SEA
428,,0.751343,ARJ97ZM1187B9AD147,Within Temptation
429,,0.751229,ARIZOQJ139FF6C8C58,Arijit Singh
430,,0.751137,ARTIUGO140C3350492,PINK
431,,0.751062,ARMFUUA1373E16FA28,Will Sparks
432,,0.750909,ARQBEHN1241B9CCE3B,By2
433,,0.750866,AR6G4V01187B9AD086,Queens of the Stone Age
434,,0.750835,ARPXDSQ12B644B6D46,Banda El Recodo De Cruz Lizárraga
435,,0.750828,ARSIDBD12472CE3207,SKE48
436,,0.75075,ARG3Y6D1187B9B29E1,Udit Narayan
437,JimiHendrix,0.750654,ARNDL191187FB51583,Jimi Hendrix
438,mwamjapan,0.750634,ARCROSN13559201B84,MAN WITH A MISSION
439,davidnail,0.750615,ARD56J71187FB3F0BF,David Nail
440,FitzAndTantrums,0.750443,ARYNHFK1271F574AAD,Fitz & The Tantrums
441,rushtheband,0.750214,ART48CP1187B9AE314,Rush
442,NellyFurtado,0.750133,ARAOYXM1187FB524F6,Nelly Furtado
443,,0.749749,ARJECUK12A57A06BB2,SPYAIR
444,FrencHMonTanA,0.749726,ARZDLIK1269FB2E39E,French Montana
445,,0.749637,ARQKVNJ1187B9B1B09,UVERworld
446,,0.749463,ARNSWGL13BBA351125,Lucas Lucco
447,,0.749456,ARWR6HQ1187FB56A21,Gianni Morandi
448,,0.749453,ARUZUYU12EEE6497CB,Loreen
449,MeekMill,0.749237,ARYNWFO1250940B804,Meek Mill
450,AustinMahone,0.749229,ARABBOK136E571103F,Austin Mahone
451,rickyrozay,0.749217,ARNAIMI1187FB5733C,Rick Ross
452,Skynyrd,0.748813,ARCOBLE1187B9A2446,Lynyrd Skynyrd
453,AbelPintos,0.748786,ARZBAU51187FB40CA7,Abel Pintos
454,TravieMcCoy,0.748681,ARYJHCE127D395D4BB,Travie McCoy
455,,0.748679,AR3UL6M1187FB53D1F,Mohammed Rafi
456,,0.748678,ARZSKZU1187FB4CE1E,TLC
457,dcfc,0.748615,ARSPUJF1187B9A14B8,Death Cab for Cutie
458,gotye,0.748411,ARKBXMX1187B9AA807,Gotye
459,,0.748143,ARJWCDS136AD6DD224,Cristiano Araújo
460,BarbraStreisand,0.748086,ARGJ1ZL1187FB3FC38,Barbra Streisand
461,danbalan1,0.748042,AR1LYBS1187FB4EC3F,Dan Bălan
462,TNAF,0.747795,ARVOATK11EBCD788F1,The Naked And Famous
463,Akon,0.747777,ARCGJ6U1187FB4D01F,Akon
464,ericchurch,0.747465,AROED381187B99AE76,Eric Church
465,,0.747352,AR073YF1187FB595C2,Jagjit Singh
466,RedFoo,0.747221,AREL9S41187FB38F83,Red Foo
467,,0.747032,ARBPBKG136658E6E81,The Piano Guys
468,SebIngrosso,0.747027,ARDS6LH1187FB3A7CC,Sebastian Ingrosso
469,Timomatictheone,0.747001,ARENBVF1305614B83E,Timomatic
470,EspinozaOficial,0.746514,ARFUIFP122988FD87A,Espinoza Paz
471,,0.74646,AR34E0O1187B9A45AC,Ravi Shankar
472,,0.746391,ARPFIUF1352CD22031,Yo Yo Honey Singh
473,,0.746362,ARWEGGU13B4DDB5418,MKTO
474,,0.746266,ARZ8A4U1187B9959A0,TJR
475,,0.746264,ARMQGVQ1187B9ABCE7,Григорий Лепс
476,,0.74598,ARLTHOT1187FB40050,Shaan
477,nxzerooficial,0.745777,ARMJ9S41187FB5044C,NxZero
478,sevyn_streeter,0.745698,ARIGDRF13B0169D52F,Sevyn Streeter
479,,0.745542,ARMCGMZ13CABFC4F75,Ани Лорак
480,,0.745446,AREGDVM1187FB4FBCF,Revolverheld
481,,0.745193,ARGTPKB1187FB3E9F7,Jota Quest
482,,0.745145,AR8W8NX1187FB35F0F,Laleh
483,Matt_Corby,0.744892,ARDXCMV128ABE0EECF,Matt Corby
484,SherylCrow,0.744863,AR2C54R1187B993B4C,Sheryl Crow
485,roberto__tapia,0.744862,ARPJRWY1242077EEAA,Roberto Tapia
486,,0.744545,ARK0IAC1187B98BEC5,Negramaro
487,PTXofficial,0.744222,ARLXJMY13385835016,Pentatonix
488,rodstewart,0.743974,ARYGO6R1187B9A7822,Rod Stewart
489,,0.743905,ARIKWXR1187FB45891,Rahat Fateh Ali Khan
490,,0.743898,ARWVCXO123E29C2928,Duck Sauce
491,GabrielleAplin,0.743836,ARVLVBB12966ACC22F,Gabrielle Aplin
492,ElRecodoOficial,0.74378,ARP06NU1187FB37604,Banda El Recodo
493,ChaseRiceMusic,0.743759,ARNUDUD12AA0D91789,Chase Rice
494,ScHoolBoyQ,0.743713,ARREQCK1269FB2EE5C,Schoolboy Q
495,blink182,0.743713,ARA3I0J1187FB57869,blink-182
496,,0.743648,ARYJSY01187B9B7C65,Dolly Parton
497,FFDP,0.743618,AR7UF591187FB51325,Five Finger Death Punch
498,kylieminogue,0.743375,AR8V1X71187B9B919B,Kylie Minogue
499,,0.743337,ARBS1OC1187FB44CAF,T.I.
500,,0.743332,ARANY2X1187FB4282B,スキマスイッチ
501,thestrokes,0.743265,AR9O98A1187FB39621,The Strokes
502,,0.743254,ARPKX831187B995605,Manuel Carrasco
503,,0.743192,ARDWBVU13C1C29E240,티아라
504,jakeowen,0.743147,ARGHYWC1187B9B06E4,Jake Owen
505,,0.74308,ARAPWMU1269FCD28BA,Mind Vortex
506,,0.742855,ARSVLEX13EB4582B9C,E-Girls
507,carrieunderwood,0.742731,ARLE2071187FB3A270,Carrie Underwood
508,TheDoors,0.742349,ARUGU0E1187B9B30F6,The Doors
509,,0.742343,ARUJ5A41187FB3F5F1,U2
510,MiaMartina,0.742245,ARGGFEB12C1DF521AA,Mia Martina
511,ernestgreene,0.742224,ARWOHDG122E6447E8D,Washed Out
512,_KennyRogers,0.742207,ARO4WQR1187B9B9825,Kenny Rogers
513,,0.74204,ARP6Q6H1187B9A545A,Juha Tapio
514,,0.74189,AR06NPD1187FB52212,加藤ミリヤ
515,_Helene_Fischer,0.741617,ARAWDKF1187FB4563A,Helene Fischer
516,,0.741442,ARGKP771187FB55750,五月天
517,christomlin,0.741386,ARER3QP1187B9A8DC4,Chris Tomlin
518,,0.741373,ARXAWLH1187B991605,Kelly Rowland
519,,0.741284,AREQFNW12B3B353474,NO!NO!NO!
520,,0.741216,ARWA6NT1187FB3F15C,The Cure
521,,0.741165,ARSUSRS11EBCD7A868,Zaz
522,Mayday_Parade,0.740875,ARQKFPA1187FB488D7,Mayday Parade
523,,0.740735,ARYWCKD12E30EB93F5,Alexis & Fido
524,,0.740564,ARWYYZP1187FB4FDB7,Mylène Farmer
525,50cent,0.740538,AR23C041187FB4D534,50 Cent
526,Andrea_Berg,0.740329,ARJBQRW1187FB3C7BE,Andrea Berg
527,,0.740256,ARSDLCD13BDAE33457,Rich Homie Quan
528,maryjblige,0.740178,AR5DC8S1187B9958BE,Mary J. Blige
529,Jin_Akanishi,0.740102,ARQVRRS1187B9B8F51,赤西仁
530,,0.74005,ARMPEBU13F59B4853F,KANA-BOON
531,,0.740008,ARGMPXF124BAE7302F,4minute
532,def_leppard,0.739955,ARR3GSP1187B9AD4C4,Def Leppard
533,,0.739761,ARRSEGJ1187B9A67D9,Bosse
534,ShaniaTwain,0.73969,ARUJZFJ1187B9B135F,Shania Twain
535,,0.739663,AR5SMO41187FB54EC1,いきものがかり
536,,0.739557,ARCE0H01187B9AF741,Rage Against the Machine
537,thebandperry,0.739476,ARWVBHT1264D12E010,The Band Perry
538,CherLloyd,0.739445,ARKTYQS130DC7809DF,Cher Lloyd
539,elissakh,0.739419,ARFGP4J1187B98D720,Elissa
540,,0.73921,ARFC0RJ1187FB3EA42,Falguni Pathak
541,TPAIN,0.738997,ARFO97B1187B9B67EF,T-Pain
542,,0.738738,ARYJ4721187B999F02,山下達郎
543,booba,0.738666,ARNE8031187FB3FD23,Booba
544,,0.738542,ART50HO1187FB4D0ED,ABBA
545,,0.738176,ARLFIAZ1187B98C522,BAP
546,MCRofficial,0.738131,ARKR75V1187FB3D4D5,My Chemical Romance
547,sorrisomaroto,0.737996,ARGFNNH1187B993940,Sorriso Maroto
548,ivetesangalo,0.737807,ARI3W2K1187FB37DC5,Ivete Sangalo
549,ducidni,0.737782,ARD46C811C8A414F3F,Kid Cudi
550,,0.737697,AR20CFC1187B98A25D,Ray Charles
551,JustinColeMoore,0.73759,AROLNUS123526A0E6C,Justin Moore
552,,0.737554,ARR09ZZ1187FB4A10A,Pusha T
553,,0.737315,AR2ZGKR1187B98D16A,BUMP OF CHICKEN
554,BoyGeorge,0.737052,ARILMD31187B99B369,Boy George
555,,0.736605,ARAGFCQ135642F5080,EXO-K
556,,0.736582,ARMSXDP13559200C24,星野源
557,,0.736498,ARTEKFQ137E73EDE0B,EXO-M
558,,0.736449,ARKDQRU1187B99F88A,Ola
559,,0.736414,ARALXIT13DE4D3652F,Cole Swindell
560,,0.73623,AR6X7AT1187FB496F4,César Menotti & Fabiano
561,,0.735926,AR16GSC1187B9A6291,Eagles
562,cantordaniel,0.735806,AR8QANH1187B9B9EC7,Daniel
563,,0.735671,ARFJBHT1269FCD93CD,Thiaguinho
564,JoJoistheway,0.735645,ARYR1VC1187B98EC1D,JoJo
565,,0.735572,ARNLIWI1187FB507F1,RADWIMPS
566,,0.735248,ARKLCET1407EC5357C,Hozier
567,,0.735094,ARTDQRC1187FB4EFD4,The Black Eyed Peas
568,,0.73504,AR5WGIQ1187FB3FC17,くるり
569,,0.734957,ARZMYJU14174CCE91D,인피니트
570,,0.734955,ARJLCPH11F4C846028,Anuradha Paudwal
571,,0.734881,ARVBXLX131FEA9FFCC,SEKAI NO OWARI
572,ScottyMcCreery,0.73479,ARICQIX12EC561DC0A,Scotty McCreery
573,katiemelua,0.734627,ARJ0AL61187B9A3F27,Katie Melua
574,riseagainst,0.734377,ARZWK2R1187B98F09F,Rise Against
575,,0.734368,ARMBNUK13E32D6EE14,Union J
576,FatboySlim,0.734265,ARQUKB81187B9A0010,Fatboy Slim
577,,0.734077,ARZ00NA1187B992D9B,Vicentico
578,,0.73404,AR30R5E1187B9AD78A,Whitney Houston
579,,0.733907,AROEWJY12DA0D143B5,Y-TITTY
580,,0.733883,ARG06F81187FB35EE2,Los Huracanes del Norte
581,jamesblake,0.733722,ARDGKKR122BCFCD396,James Blake
582,PIXIES,0.733649,AR1E9AW1187B9AC8F6,Pixies
583,,0.733591,ARBEOUA136658EAD15,유키스(U-kiss)
584,,0.733458,ARKZXSQ1187B9AC9F3,Joy Division
585,nickyromero,0.733359,ARPWTAM11F4C83D02D,Nicky Romero
586,ohdaughter,0.733268,ARFDJ251187B9B132B,Daughter
587,,0.733236,ARJ0AXB11C8A414CA0,Mandisa
588,,0.733035,AR4HL8H1187FB493DD,Scooter
589,Axwell,0.732745,AR2DGLV1187FB59329,Axwell
590,goldfrapp,0.732607,AR8K3HD1187B9B9CA9,Goldfrapp
591,IronMaiden,0.73232,ARHTAPO1187FB5AADE,Iron Maiden
592,,0.732314,ARN7RAZ1187B98ECA4,Naldo
593,thecivilwars,0.732288,ARJAKTK1271F575117,The Civil Wars
594,,0.732244,ARJCZIQ13244CF720D,NMB48
595,,0.732224,ARF3RPL1187FB56BD0,范瑋琪
596,realmorcheeba,0.732216,ARU3C671187FB3F71B,Morcheeba
597,yanntiersen,0.73221,AR1PC9R1187B9ACC9A,Yann Tiersen
598,,0.731989,AROMGZS1187B9B1672,Neffa
599,,0.73193,ARBTIDM1187B9A7AED,Robin
600,,0.731872,ARB9NNP1187B998734,Manna Dey
601,ilvolo,0.73172,AR30HMJ1187B9A2C40,Il Volo
602,,0.731688,ARH3MQU1187B997AAF,Nik & Jay
603,STPBand,0.731581,ARTAFV91187B9BA17C,Stone Temple Pilots
604,,0.731532,AREUMQS1187FB3AC8F,Fabri Fibra
605,,0.731527,AROCZUC1187B9AD05B,Elvis Costello
606,,0.731458,ARPVIMG140E1CE256E,DVBBS & Borgeous
607,hernameisbanks,0.731434,ARPZEWB1269FB35B7F,Banks
608,LupeFiasco,0.73102,ARPFHN61187FB575F6,Lupe Fiasco
609,,0.730952,AR5H4CJ1187B9AE949,Limp Bizkit
610,EdwardSharpe,0.730901,ARQEBGJ122E6447D2B,Edward Sharpe & the Magnetic Zeros
611,,0.730853,ARAIIPO11F50C4C993,Papon
612,,0.730822,AREZHCF1187FB4B116,Eelke Kleijn
613,MassiveAttackUK,0.730614,ARNF13I1187FB562A5,Massive Attack
614,offspring,0.730467,ARP28RX1187B9AF6C4,The Offspring
615,Aerosmith,0.730432,AR12F2S1187FB56EEF,Aerosmith
616,castingcrowns,0.730421,ARYKPU51187FB3E808,Casting Crowns
617,,0.730226,ARXDHLR122BCFCAC05,애프터스쿨
618,,0.730155,ARKXMNH1269FCD4885,John Mamann
619,,0.730136,ARPAFWE1385DE93981,Cali Y El Dandee
620,craigcampbelltv,0.730099,AR5JWON1187FB4450E,Craig Campbell
621,,0.730085,AR3PMFG1187B9AD094,Max Pezzali
622,NewPolitics,0.730082,ARCVHZE126A031DEF7,New Politics
623,,0.730031,ARTY4711187FB40DA2,김재중
624,,0.729987,ARUKCBU1242077E505,Pritam
625,TreySongz,0.729845,ARL60FF1187B9AE52D,Trey Songz
626,PSY4OFFICIEL,0.729826,ARWGWJ11187FB44B91,Psy 4 de la Rime
627,,0.729715,ARLEL2111C8A416126,Lenka
628,,0.729503,AR0AMQB1187FB52BC2,Steven Curtis Chapman
629,blissneso,0.729493,ARHH3WR1187B9B6B1D,Bliss n Eso
630,editorsofficial,0.729299,ARPIWMK1187FB3CD8D,Editors
631,MacMiller,0.729254,ARSKHHY1269FB3830E,Mac Miller
632,,0.729126,AR7AE0W1187B98E40E,Intocable
633,DukeDumont,0.729114,ARZNPPG1187FB4C845,Duke Dumont
634,The_Strypes,0.728725,ARQFWWM12DA0D15433,The Strypes
635,,0.72858,ARQAQAJ13EE1A7693B,Hollysiz
636,,0.72843,AREACYD1187FB566DE,Enya
637,GuySebastian,0.728014,ARJIK321187FB4A34E,Guy Sebastian
638,parov_stelar,0.727945,ARA5J2G1187B99C41E,Parov Stelar
639,,0.727937,ARK99K41187B9AEC53,Travis
640,,0.727927,AR81GOD1187B9B1583,Young Jeezy
641,AnnaKendrick47,0.72771,ARLSWEP1269FCD4A6C,Anna Kendrick
642,SmashingPumpkin,0.727335,ARN5NHX1187FB4F755,The Smashing Pumpkins
643,,0.727319,AREUEGD1187FB423C9,Ilse DeLange
644,,0.727238,ARN7O9711C8A4155D3,秦基博
645,,0.727145,ARJW1SP1187FB4CA51,Pink Martini
646,,0.727094,ARQTZJM128ABE10543,Ева Польна
647,,0.727078,AR1PVZ71187FB42A7A,Vega
648,,0.727072,AR28JLJ1187FB4F4B9,コブクロ
649,,0.727018,AREKOEC13CF9AF5E5A,Kim Cesarion
650,springsteen,0.726944,AR91C8S1187B990901,Bruce Springsteen
651,RealEmisKilla,0.726904,ARXTAXK13100D721CF,Emis Killa
652,,0.726892,ARZZMAC131522DDB44,San Cisco
653,BoAkwon,0.72668,AR238371187B994B44,BoA
654,passionpit,0.726595,AR6PFD411C8A416424,Passion Pit
655,,0.726428,ARSZNCH1187FB432DA,Zoe
656,Metric,0.726294,ARL93GT1187B9A1057,Metric
657,ModeratOfficial,0.725854,ARKB91N1187FB3996B,Moderat
658,,0.725682,ARUZAL51187FB4D50C,박진영
659,,0.725676,ARVLSMW13930B5C705,曲婉婷
660,,0.725643,ARZGXNP136EBF89AC1,Busker Busker
661,,0.725634,ARTO3L81187B9ACA8C,Jeff Buckley
662,TheRealD_K,0.72539,AR064OH1187FB384A0,DK
663,boyandbear,0.725269,ARWIKNK129CDD176DE,Boy & Bear
664,MaherZain,0.725141,ARGKBCQ1257509DB78,Maher Zain
665,,0.725008,ARLNZDA122988EDC3E,La Arrolladora Banda El Limón
666,,0.724928,ARMIFOU12D9A2F005A,Ben Pearce
667,KISSOnline,0.724876,ARMI8BW1187FB57B2E,Kiss
668,,0.724827,ARNVEFF1187FB37369,BigBang
669,,0.724813,ARNYDCT12EFE499D14,John De Sohn
670,,0.724808,ARRV8O81187B98DD53,GLAY
671,annacalvi,0.724743,ARQFRZB12C60E4ECC8,Anna Calvi
672,,0.724565,ARIAMRX12086C127D2,Fernando & Sorocaba
673,,0.724458,AR137X01187FB454A2,KK
674,MaxHerreMusik,0.724397,AROLCDA1187B9A9AB1,Max Herre
675,,0.72437,ARR6LWJ1187FB44C8B,R.E.M.
676,djshadow,0.724093,ARME7101187FB3ECDD,DJ Shadow
677,nicolas___jaar,0.724088,ARWLOAM12086C1729B,Nicolas Jaar
678,deadmau5,0.723958,ARJS9GN1187FB578C4,Deadmau5
679,,0.723808,ARCGUCS122BCFCBCA7,Chuckie
680,capitalinicial,0.723796,ARBDGNC1187B98CB64,Capital Inicial
681,Chenoaoficial,0.723569,ARV3Q7L1187B98A3A5,Chenoa
682,marilynmanson,0.723378,ARC4K2E1187B9B6FDA,Marilyn Manson
683,bobsinclar,0.72328,ARGLOU61187FB55A07,Bob Sinclar
684,hillsongunited,0.72323,AR57LP01187FB38D02,Hillsong United
685,,0.723165,ARJ21CW1187FB4A88A,Superfly
686,ildivoofficial,0.723081,ARNJ9LU1187B9A56A6,Il Divo
687,,0.723045,AR41ESB1187FB360B1,Gloria
688,,0.722904,ARMPDR51187B990269,Roupa Nova
689,,0.722688,ARZWIUY137E73EDEA5,Chief Keef
690,,0.722523,ARARLXV11F4C8410A2,El Trono de Mexico
691,,0.722506,ARXTG3Q1187FB598E9,Jeremy Camp
692,,0.722426,ARRJFJ31187B9961EF,Sergio Dalma
693,,0.7222,ARYAV5U1187FB57AAC,ONE OK ROCK
694,,0.722198,ARYPBTZ1187B9BA610,임창정
695,blurofficial,0.722115,ARKVITV1187B9AE854,Blur
696,rohff,0.721857,ARZPQ3N1187FB56B7A,Rohff
697,,0.721743,ARCPWRI1187B9A0A70,スピッツ
698,,0.721732,ARLVASF13C1C295221,Los Primos MX
699,NeYoCompound,0.721441,ARAWOLW1187FB3AB70,Ne-Yo
700,ivanferreiro,0.721398,ARWV7261187FB3A64B,Iván Ferreiro
701,marteria,0.721392,AR4XZ5I11A348EF6FC,Marteria
702,,0.721387,ARRLXXC1341EA172CA,DJ Bl3nd
703,SandervanDoorn,0.721378,ARG42NS1187B9B5F6A,Sander van Doorn
704,,0.721318,ARWQWNA1269FCD3E34,Banda Ms
705,,0.721283,ARQLBBC1187B9AC450,VNV Nation
706,,0.721128,ARMSIGS1412A317652,Maejor Ali
707,matthew_west,0.720921,ARF9YM51187B99C1FD,Matthew West
708,claydermanmusic,0.72082,ARL3IIC1187FB394BD,Richard Clayderman
709,matt_redman,0.720754,AR5BBK81187B990027,Matt Redman
710,Gramatik,0.720698,ARNAPXQ123E29C1CAD,Gramatik
711,,0.720644,ARVTDZH136658E87B3,Dcvdns
712,loscampesinos,0.720602,ARY3K621187FB502B7,Los Campesinos!
713,,0.720515,ARIWCHP13DF63503B5,乃木坂46
714,,0.72044,ARSUDTY12F9C54D2E0,A Pink
715,,0.720411,ARLRNWI136658E59FC,Alfaaz
716,,0.720355,ARQI82O1187B9A81FA,Adel Tawil
717,,0.720141,ARBKFXR1187B9A1E14,자우림
718,jorisvoorn,0.720094,ARMPMFQ1187B9A82EB,Joris Voorn
719,jimmybuffett,0.719905,ARTBSEF1187FB3CBDE,Jimmy Buffett
720,ntvgoficial,0.719796,ARNGZ3K1187FB4596F,No te va Gustar
721,,0.719617,ARXWAHQ139A2DB2E19,Gabriel Valim
722,,0.719499,AR41KAG1187B991C61,Drunken Tiger
723,,0.719043,ARAWPUE11C8A415067,Blood Orange
724,John_Fogerty,0.718912,ARDZQ5U1187B9ADEAE,John Fogerty
725,elizadoolittle,0.71874,ARZBUXC11C8A4163A3,Eliza Doolittle
726,,0.718623,ARPFWSU1187FB5933D,Karthik
727,YYYs,0.718191,AR6NYHH1187B9BA128,Yeah Yeah Yeahs
728,,0.718136,ARSM1BO1187FB48762,Los Hermanos
729,,0.718128,ARPF30C1187FB3EDF8,Kishore Kumar
730,VictoriaJustice,0.718115,ARAUWGD12AA0D9074C,Victoria Justice
731,,0.717925,ARKW6EA1187B9891C3,Renato Zero
732,TRINArockstarr,0.717826,ARFMYWG1187FB39B48,Trina
733,,0.717716,ARWASLO1337EC1417C,King Krule
734,ncandtbs,0.717704,ARODBRG1187FB3FD99,Nick Cave & The Bad Seeds
735,UMEK_1605,0.717414,ARTQ1PA1187B9B7138,Umek
736,,0.717317,ARSVRID139A2DB2C5B,Deorro
737,,0.717013,ARCUGRJ12AF7DB2883,Navi
738,,0.716839,ARUQQLL12086C15939,Gold Panda
739,,0.716759,ARJFRJK1241B9CCDC2,Banda Carnaval
740,,0.716729,ARVUWQO1271F574ACF,Yuna
741,GloriaEstefan,0.716698,AR1TIS71187FB37160,Gloria Estefan
742,,0.716514,ARJAACV1278B7CC806,miwa
743,Nyusha_Nyusha,0.716463,ARUUFFT12B0C827927,Нюша
744,,0.716458,ARCOIYN11F4C84896A,Anselmo Ralph
745,,0.716369,AR8T6B71187B98C7B9,Thees Uhlmann
746,slipknot,0.716313,AR0KBXO1187B996460,Slipknot
747,officialblue,0.716312,ARUNMJ91187B98A6A6,Blue
748,,0.716278,AR9I6E91187FB5385C,Els Pets
749,,0.716152,ARCCPJT138A6D8FEC5,Fuse ODG
750,inquietosapp,0.716116,AROGSRI122988EE9CA,Los Inquietos del Norte
751,JNeFoficial,0.716042,ARPCUQZ12FC14E471A,João Neto e Frederico
752,,0.716026,AR9ZP1S1187FB52513,周杰倫
753,,0.715996,ARVWJM61187B9B7715,"Earth, Wind & Fire"
754,,0.715785,ARBOVOV13907A34E61,Snoop Lion
755,amoslee,0.715664,ARQR6U21187B99E8DC,Amos Lee
756,,0.715651,ARAXQLI132D578F379,Pollo
757,SAMOALLSTAR,0.715626,ARRSEJL123E29C2438,Samo
758,,0.715599,ARLVK3Z1187B996EB6,汪峰
759,,0.715589,ARYVZHB1271F573F3F,Childish Gambino
760,loveoflesbian,0.715493,ARBJ3VU1187B9B472D,Love Of Lesbian
761,Imrankhanworld,0.715328,ARNAZLU122E6448023,Imran Khan
762,,0.715169,ARU6JQY1187FB53981,久石譲
763,,0.715141,ARLSASX1187FB3F180,Envy
764,ToriKelly,0.715102,ARJEMDG11EBCD7AB46,Tori Kelly
765,,0.715054,AR5QT2A1187B9A6D16,케이윌
766,JourneyOfficial,0.715048,ARPNILO1187B9B59BB,Journey
767,,0.714979,ARLKRUP12B3B353803,BlasterJaxx
768,atlasgenius,0.714915,ARCCNNM12FE086767F,Atlas Genius
769,RealMeatLoaf,0.714903,ARZXLBD1187B9B1EB1,Meat Loaf
770,,0.714645,ARSGXLV129CDD179B0,TEEN TOP
771,djtommytrash,0.714431,ARUR1511187FB3DCB2,Tommy Trash
772,,0.714321,ARCDWQP13B71CE663A,周杰伦
773,,0.714253,ARRVULF12086C12BF2,Rosa de Saron
774,,0.714237,ARM5OQM1187B99FF03,Watain
775,Sergi0Contreras,0.714228,AROU5KE1187B9B653C,Sergio Contreras
776,,0.714205,AR9XNDG1187B98CA92,Hezekiah Walker
777,,0.714179,ARSDBKZ1416C40BC06,Naughty Boy feat Sam Smith
778,,0.714123,AR6B16T1187FB5870C,Donald Lawrence
779,,0.713832,ARVEMAD126E2B40782,Cats on Trees
780,,0.713705,AR34J8S1187B98B0F2,Alka Yagnik
781,,0.713688,ARBWNOW1187FB40759,Pankaj Udhas
782,officialjaheim,0.713463,ARJM42R1187B9B69AA,Jaheim
783,,0.713423,ARO2B6A1187B9AEE97,Amrinder Gill
784,RandyHouser,0.713273,ARJ9VFP11C8A41530F,Randy Houser
785,,0.713221,ARDRRAL1187B997930,ゆず
786,gucci1017,0.713146,ARV6Z5I1187B9A22A8,Gucci Mane
787,babyshamblesuk,0.71307,AR31LL21187FB4D84E,Babyshambles
788,,0.71303,ARA8DDQ1187B9AE3A0,陳奕迅
789,newsboys,0.712972,ARUFTTR1187FB3A4B0,Newsboys
790,bdwmusic,0.712968,ARZ5I3M1187B98AAEB,Big Daddy Weave
791,crystalfighters,0.712933,ARSHLGX122BCFCBA02,Crystal Fighters
792,,0.712923,AR0YTWT1187FB3D62F,Sammy Hagar
793,,0.712676,ARLLT3I1187FB3DCD0,Mika Singh
794,,0.712662,ARZ3U2M1187B989ACB,Nas
795,mjcofficial,0.712531,ARYVDGE123526A0EC0,Maya Jane Coles
796,sigurros,0.712371,AR76V4B1187B9B44EC,Sigur Rós
797,,0.712283,ARZER7I1187FB385AF,Dr. Dre
798,,0.712256,ARPZDWC1187FB36BB5,Полина Гагарина
799,alexanderclare,0.712197,ARUVBSM12C5BBEABAA,Alex Clare
800,,0.71212,ARTRANX1187B9ADC58,Tamela Mann
801,,0.711805,ARGQP7Y11C8A415940,Asaf Avidan & the Mojos
802,,0.711672,ARZVHGB135592014BE,ASAP Ferg
803,TheWho,0.711664,ARWX5TK1187FB4CDBE,The Who
804,,0.71142,AROKWTQ137E74B0244,Apink
805,,0.711404,ARTDFAN12086C126A5,DJ Assad
806,,0.711373,ARYHCTU139DFC86831,Cazzette
807,LuisEnrique,0.711295,ARKQXRO1187FB4DDF1,Luis Enrique
808,,0.711283,ARCSOXH1187FB530D0,God Is an Astronaut
809,thekooksmusic,0.711279,ARWDPT81187B99C656,The Kooks
810,,0.71107,AR0F5H11187FB39033,Rodriguez
811,SnowPatrolBand,0.711035,ARVN9FZ1187FB393F1,Snow Patrol
812,building429,0.710865,ARYK2ZC1187B99E0D9,Building 429
813,larryhernandez1,0.710738,ARZDOQM122988FEB76,Larry Hernandez
814,RSprachrohr,0.710718,ARWAQTR1187FB38810,Rammstein
815,The_Cranberries,0.710692,ARCBIPV1187B9AC2D1,The Cranberries
816,,0.710459,AR9UAAA1187FB4067E,Suresh Wadkar
817,,0.710428,ARXLIKR1373E16FACD,Ssio
818,CRYSTALCASTLESS,0.710411,AR5K3CW1187FB45B46,Crystal Castles
819,pittyleone,0.710329,ARPZ5VE1187B99D1EB,Pitty
820,DILLONFRANCIS,0.709915,ARYHZBN12E7C5F3265,Dillon Francis
821,nightmaresonwax,0.709892,ARUNLKP1187B9A5222,Nightmares on Wax
822,therealtobymac,0.709854,ARD66TF1187B9A1670,tobyMac
823,,0.709615,AR5NQ501187B9ABB14,The Afters
824,,0.70957,ARJZWDC136658E5D5C,Jagwar Ma
825,,0.709483,ARPUBBU12AA0D8A04B,Chris Malinchak
826,mirandalambert,0.709311,AREEQPY1187FB5B9E3,Miranda Lambert
827,,0.709301,AR5E1IJ1187B99C0C7,Yandel
828,,0.709171,ARVMRVW1187FB392FF,王菲
829,,0.709021,AR0FC641187B9B1DE9,Mayhem
830,,0.708731,ARMRYTK13559203145,Nine Muses
831,,0.708707,ARQPCLH1187FB38B5E,M.S. Subbulakshmi
832,,0.708694,AROOEDH136658E6291,Beatrice Egli
833,beck,0.70856,ARC2XR11187FB5CC95,Beck
834,,0.708516,AREOLVB12086C12D7C,Turma do Pagode
835,DONBROCO,0.708464,ARIDKII11EBCD7C658,DON BROCO
836,,0.708308,ARY32PW1187B9B620C,サザンオールスターズ
837,SteveAngello,0.708151,AR4SHCP1187FB3AEB8,Steve Angello
838,,0.708139,AR34EYJ1187FB3DA3C,Jamal
839,munhoz_mariano,0.708044,ARRPAJQ13186762C87,Munhoz & Mariano
840,,0.707926,ARNXHP01187FB585FE,Skream
841,,0.707877,ARJ5FD21187FB43F12,Mavado
842,,0.707858,ARCZQ6Y1187B98F6E4,Negrita
843,robbiewilliams,0.707806,ARENMIP1187FB5638D,Robbie Williams
844,CultsCultsCults,0.707792,ARRZTHE1274363C3F3,Cults
845,,0.707751,ARGXIE31187FB55B48,Tech N9ne
846,Aventura,0.707723,ARL4W6Q1187FB4713C,Aventura
847,NatalieGrant,0.707707,ARDI3XT1187B98DE6C,Natalie Grant
848,,0.707614,ARVUI9A1187FB39AAA,Anathema
849,,0.707592,AR86PKD1187FB38EC7,Kailash Kher
850,,0.707401,ARH7Z2I1187FB4A90C,Weekend
851,HarryConnickJR,0.707128,AR9I1L41187FB37F0E,"Harry Connick, Jr."
852,,0.707056,ART0EZT1187FB4FD4A,Muttonheads
853,igippygrewal,0.706811,ARSG8D91187FB40012,Gippy Grewal
854,,0.706608,ARQENVC1187B9928FA,嵐
855,,0.706597,AROKQEB1187B99FEC0,Saindhavi
856,,0.706563,ARTUHZL12420780CDD,La Maquinaria Norteña
857,LeonelGOficial,0.706527,ARGNTOH12AF7DA6871,Leonel García
858,Seal,0.706327,ARAIABB1187B9AC6E2,Seal
859,philwickham,0.706243,AR3YVI81187B9B45DC,Phil Wickham
860,GIRLSsf,0.706144,ARYUAIK11F4C848989,Girls
861,,0.706142,ARIDQXO13447AA1F91,Kis-My-Ft2
862,JamesMorrisonOK,0.70597,AR3JRT61187FB4F489,James Morrison
863,,0.705928,ARHKQGH1187B9A4DB4,In Extremo
864,,0.705907,ARKICIA13DF6350139,家入レオ
865,neilyoung,0.705899,ARWT91C1187B9ACEAA,Neil Young
866,,0.705654,ARZCUVG12DDD18825A,Azealia Banks
867,,0.705582,ARUSIJO1241B9CCC81,Illy
868,,0.705395,ARLICJP1187B99E1FE,Kara
869,,0.705223,AR167JU1187B993569,Zucchero
870,,0.705069,AR33HOY1187FB402EF,Aditya Narayan
871,,0.70504,ARVJAER13C7A655CBB,Zara Larsson
872,Labrinthda1st,0.704779,ARANUHH12A57A06AEF,Labrinth
873,,0.704699,AR85SNA1187FB428BB,David Dallas
874,,0.704688,ARF91Y31187B9A9806,Cosmo
875,DeitrickHaddon,0.704658,AR4Y1BM1187B99A1EF,Deitrick Haddon
876,CedricGervais,0.704509,ARI3W3K1187FB49E6F,Cedric Gervais
877,Miami_Horror,0.704454,AR2DGXT11C8A42C4EF,Miami Horror
878,,0.704352,ARZLBYI1187FB37B54,The Scandal
879,,0.704255,ARVDGBD11EBCD7A861,Uncle Jed
880,,0.704254,AROIOHO13C1C2A5473,Migos
881,,0.704245,ARTSXWG13CFD709E99,Ásgeir Trausti
882,metronomy,0.704223,AR0JGK61187FB53658,Metronomy
883,SrBachchan,0.704088,ARBB2O81187B9AE01C,Amitabh Bachchan
884,swprophets,0.703995,ARDBEOM1241B9C8566,Sidewalk Prophets
885,,0.703927,ARH5D6D1187FB4C572,Karunesh
886,Sia,0.703918,AR6ENUY1187B994158,Sia
887,,0.703894,ARWEB5M1187FB5308D,Emancipator
888,ericpaslay,0.703893,ARSBOPG13264193F60,Eric Paslay
889,,0.703757,ARHDVGZ132F422D9DE,Bilal Saeed
890,Lyfeonline419,0.703725,AR1HUQI1187B9AA854,Lyfe Jennings
891,,0.703472,AR5O86P1187FB3B8CD,Édith Piaf
892,FaithHill,0.703035,ARVNGA71187FB3C107,Faith Hill
893,Weezer,0.702989,AR633SY1187B9AC3B9,Weezer
894,,0.702834,ARQQUPY139BBFAFF99,张惠妹
895,,0.702666,ARKKNHS1187B9A3B49,Mazzy Star
896,Halestorm,0.702643,ARPORZJ1187FB36154,Halestorm
897,,0.702596,ARYZH1T11A348EF821,郭采潔
898,,0.702483,ARPYB4Y1187B9AF904,Serena
899,dixiechicks,0.702456,AR11YQ81187FB3C654,Dixie Chicks
900,ActiveChild,0.702401,AROHHPB126FE0252DB,Active Child
901,2CELLOS,0.702364,ARZEWWK12F54FADE3A,2Cellos
902,,0.702356,ARV6L7F11C8A414EB6,The Bloody Beetroots
903,Milk_and_Sugar,0.70232,ARNIDSZ1187FB564B5,Milk & Sugar
904,,0.702115,AR4LPY51187FB44EF4,Mr.Children
905,_CarlosRivera,0.702069,ARDOKBN12420780E5B,Carlos Rivera
906,SeanKingston,0.701741,AR9LJ9D1187FB4303D,Sean Kingston
907,,0.701721,ARIRQGA1187B99D9FF,65daysofstatic
908,natirutsoficial,0.701644,ARAGS2Z1187B9BA436,Natiruts
909,TheFray,0.701537,AR4EQ231187B99368F,The Fray
910,GogolBordello,0.701395,AR0YME61187FB3B544,Gogol Bordello
911,,0.701297,AR9W82J1187B999281,AOA
912,_korpiklaani,0.701186,ARSZX2G1187B98FCCF,Korpiklaani
913,YoGottiKOM,0.701152,AR51XUU1187B993A0A,Yo Gotti
914,,0.701141,ARQDBCH13687E71E89,BTOB
915,sibonobo,0.701082,ARRB71R1187FB5751C,Bonobo
916,Fiuk,0.700622,ARYNLHA130708ED148,Fiuk
917,,0.700401,ARNXCML12FE086F4D5,LE YOUTH
918,,0.70038,ARWCJOH12454A526CA,Victor e Leo
919,,0.700184,AROBAMO12E30EB96DA,Satellite Stories
920,,0.700114,ARNQISB12C5BBEABDE,JYJ
921,,0.700047,AR82PQX1187FB4F8D1,Pierce the Veil
922,sleighbells,0.699855,ARZVDJU12592CDBBD3,Sleigh Bells
923,,0.699776,ARIGKDD12454A3E092,Jorge Vercillo
924,,0.699762,ARA4W081187B9B6E21,シド
925,,0.699731,ARQVDRM13CDB8268E4,Pablo López
926,,0.699729,ARQIRJF1269FCD93FD,Mister You
927,MarcoASolis,0.699546,ARXMN581187FB40107,Marco Antonio Solís
928,BustaRhymes,0.699512,ARBCUNV1187B98A9FB,Busta Rhymes
929,thisispolica,0.699493,ARRVPJZ13559203D88,Poliça
930,,0.699467,ARMEDYJ12086C168E7,Niels Geusebroek
931,jnoeltorres,0.699388,ARFPYSV129CDBF027A,Noel Torres
932,,0.699355,ARC4W9B1187FB3FE88,Дима Билан
933,,0.699128,ARSTHAW14174CCE91E,스피카
934,,0.699114,ARPIK7E1187B99922A,Anup Jalota
935,MedinaMusic,0.698972,ARYP15I1187B9A7C92,Medina
936,madc0n,0.698966,ARNOG4Q1187B9A5A62,Madcon
937,hilltophoods,0.698935,ARC5BL01187FB3DF69,Hilltop Hoods
938,saraevansmusic,0.698735,ARFR3E51187B9A0A85,Sara Evans
939,,0.698724,ARAUTFT1187FB46140,Дискотека Авария
940,,0.698691,ARXLRMI13C49821839,Linked Horizon
941,,0.698555,ARECGUA13B4C995FC8,American Authors
942,,0.698542,ARYRTMO1187FB3CC3B,Emma
943,,0.698401,ARZMKOC13EDC9705D1,Dawid Podsiadlo
944,,0.698255,ARZYMBR135877807D4,ClariS
945,grupo_bom_gosto,0.698198,ARKGPUN12509416290,Grupo Bom Gosto
946,,0.698194,ARLURZH11E2835D343,David DeMaría
947,_VicenteFdez,0.698136,AR57Z2R1187B9B910A,Vicente Fernández
948,,0.698043,ARJXAKQ1410EC59BA6,LINKIN PARK x STEVE AOKI
949,,0.698023,ARRNLCA1416C4084FC,Daft Punk feat Pharrell Williams
950,Msldemarco,0.698017,ARZLWMD135642F50A0,Mac DeMarco
951,,0.697994,AR8NS5C11C8A422FB2,"Various ""Artists"""
952,lucyrosemusic,0.697965,ARXCLTW131E333F52C,Lucy Rose
953,,0.697964,ARMYQ8J1187FB48332,Darkside
954,,0.69788,ARAYNAY138B988ACCD,Shaka Loveless
955,earnestpugh,0.697662,ARQSXJW122ECCBA6F0,Earnest Pugh
956,,0.697602,AREOQUP11F50C4C7F7,M. S. Subbulakshmi
957,,0.69757,ARXHSWJ11E2835D731,싸이
958,CHRIS_Daughtry,0.697531,ARRESDK1187FB4E6DA,Daughtry
959,,0.697477,ARIXEJV123526A0968,Brown Eyed Girls
960,modestmouseband,0.697463,AR6AY7W1187B9AC569,Modest Mouse
961,JusticeCrew,0.697354,ARUYCMA12B3B353F4D,Justice Crew
962,,0.6973,ARYZXDO1271F57416C,Винтаж
963,iamfoxes,0.697262,ARKEMDP11F50C4BDBF,Foxes
964,,0.69718,ARFWHRN122BCFCD4FA,Haken
965,fucktyler,0.69717,ARTCFOK12E9676E396,"Tyler, The Creator"
966,,0.697163,ARIUL7X1187B98F758,山下智久
967,,0.697119,ARIPLUN1187B99B9F9,The Police
968,feedme,0.697078,ARMDBMT11E2835CA45,Feed Me
969,BilanOfficial,0.69701,ARKDEVD11F4C84821B,Dima Bilan
970,,0.696985,ARKIGYH137E73EDE4C,Sexy Zone
971,mc_fitti,0.696848,ARCBOCL139111DEAE1,Mc Fitti
972,,0.696766,ARECIQQ13833B91C5B,Maite Perroni
973,MarinasDiamonds,0.696756,ARUBJMV12086C16C1E,Marina and The Diamonds
974,jethrotull,0.696488,ARA9UZY1187B99A684,Jethro Tull
975,,0.696458,ARPFJQP1271F57484C,林志炫
976,hawknelson,0.696449,ART1UFU1187FB4C9B6,Hawk Nelson
977,,0.696442,ARXHFCA1187FB59260,Seether
978,ShankarAnoushka,0.696172,ARQBEQM1187B9B4FB9,Anoushka Shankar
979,BlocParty,0.696066,ARI7DOB1187FB37AA4,Bloc Party
980,4kingandcountry,0.69602,ARTVFDF1322169646D,for King & Country
981,,0.695886,ARIHJGE13D7B67DD1A,voXXclub
982,,0.695725,AR1VWD91187FB4CE99,The Animals
983,,0.695636,ARHTTYE138BF7CD295,Crayon Pop
984,,0.695508,AREMHQV12AA0D8BB27,andhim
985,Ludacris,0.695283,AR7NPRY1187B9ADE15,Ludacris
986,,0.695232,ARZJFSH11EBCD77344,KAKKMADDAFAKKA
987,,0.695103,AREJ8TB1187B9B2DB7,카라
988,,0.695049,ARADYGS1269FB2DDE8,Rekha Bhardwaj
989,,0.694989,AR1JRAR1187FB40D32,Belo
990,,0.694916,AR2331L1187FB491DA,Quique González
991,,0.694903,ARYVVXX137E73EDF13,Swim Deep
992,,0.694886,ARM56EB1187B999048,Burhan G
993,,0.69486,ARMSDPX13B9E60E496,Пицца
994,,0.694685,ARCLOHT13CABFC4DC7,Adelén
995,julionalvarez,0.694683,ARGHZFP12BE4890AD0,Julion Alvarez
996,,0.694655,ARGGFYA13704F09174,Contiez
997,,0.694602,ARHHFOR139BBFAFEF1,陈奕迅
998,,0.694542,ARKBTOI138F8A0A4B6,Alkilados
999,,0.694515,ARJ1AMB1187FB40661,Sukhwinder Singh
